<?xml version="1.0" encoding="utf-8"?>
<!-- Copyright 2016 LasLabs Inc.
     License GPL-3.0 or later (http://www.gnu.org/licenses/gpl). -->

<odoo>

    <record id="res_partner_patient_1" model="res.partner">
        <field name="name">Emma Fields</field>
        <field name="city">Las Vegas</field>
        <field name="state_id" ref="base.state_us_23" />
        <field name="country_id" ref="base.us" />
        <field name="zip">89119</field>
        <field name="street">123 Example Way</field>
        <field name="email">emma@example.com</field>
        <field name="phone">+1 (702) 343-2342</field>
        <field name="parent_id" ref="base.partner_demo" />
    </record>

    <record id="medical_patient_patient_1" model="medical.patient">
        <field name="partner_id" ref="medical.res_partner_patient_1" />
        <field name="birthdate_date">1920-02-23</field>
        <field name='gender'>female</field>
    </record>
    
    <record id="res_partner_patient_2" model="res.partner">
        <field name="name">Kyle Jones</field>
        <field name="city">Las Vegas</field>
        <field name="state_id" ref="base.state_us_23" />
        <field name="country_id" ref="base.us" />
        <field name="zip">89119</field>
        <field name="street">123 Example Way</field>
        <field name="email">kyle@example.com</field>
        <field name="phone">+1 (702) 343-2347</field>
        <field name="parent_id" ref="base.partner_demo" />
    </record>
    
    <record id="medical_patient_patient_2" model="medical.patient">
        <field name="partner_id" ref="medical.res_partner_patient_2" />
        <field name="birthdate_date">1950-01-02</field>
        <field name='gender'>male</field>
    </record>
    
    <record id="res_partner_patient_3" model="res.partner">
        <field name="name">Gary Smith</field>
        <field name="city">Las Vegas</field>
        <field name="state_id" ref="base.state_us_23" />
        <field name="country_id" ref="base.us" />
        <field name="zip">89121</field>
        <field name="street">123 Test Drive</field>
        <field name="email">gsmith@example.com</field>
        <field name="phone">+1 (702) 343-2347</field>
        <field name="parent_id" ref="base.partner_demo" />
    </record>
    
    <record id="medical_patient_patient_3" model="medical.patient">
        <field name="partner_id" ref="medical.res_partner_patient_3" />
        <field name="birthdate_date">1980-11-02</field>
        <field name="date_death">2016-12-22</field>
        <field name='gender'>male</field>
    </record>
        
</odoo>
