id,name,model_id:id,group_id:id,perm_read,perm_write,perm_create,perm_unlink
access_medical_insurance_company_user,access.medical.insurance.company.user,model_medical_insurance_company,medical.group_medical_user,1,0,0,0
access_medical_insurance_company_manager,access.medical.insurance.company.manager,model_medical_insurance_company,medical.group_medical_manager,1,1,1,1
access_medical_insurance_plan_user,access.medical.insurance.plan.user,model_medical_insurance_plan,medical.group_medical_user,1,0,0,0
access_medical_insurance_plan_manager,access.medical.insurance.plan.manager,model_medical_insurance_plan,medical.group_medical_manager,1,1,1,1
access_medical_insurance_template_user,access.medical.insurance.template.user,model_medical_insurance_template,medical.group_medical_user,1,0,0,0
access_medical_insurance_template_configurator,access.medical.insurance.template.configurator,model_medical_insurance_template,medical.group_medical_configurator,1,1,1,1
