id,name,model_id:id,group_id:id,perm_read,perm_write,perm_create,perm_unlink
access_medical_prescription_order_doctor,medical.prescription_order_doctor,model_medical_prescription_order,medical.group_medical_doctor,1,1,1,0
access_medical_prescription_order_user,medical.prescription_order_user,model_medical_prescription_order,medical.group_medical_user,1,0,0,0
access_medical_prescription_order_assistant,medical.prescription_order_assistant,model_medical_prescription_order,medical.group_medical_assistant,1,1,1,0
access_medical_prescription_order_line_doctor,medical.prescription_order_line_doctor,model_medical_prescription_order_line,medical.group_medical_doctor,1,1,1,0
access_medical_prescription_order_line_user,medical.prescription_order_line_user,model_medical_prescription_order_line,medical.group_medical_user,1,0,0,0
access_medical_prescription_order_line_assistant,medical.prescription_order_line_assistant,model_medical_prescription_order_line,medical.group_medical_assistant,1,1,1,0
