id,name,model_id:id,group_id:id,perm_read,perm_write,perm_create,perm_unlink
access_medical_medication_dosage_assistant,medical.medication_dosage_assistant,model_medical_medication_dosage,medical.group_medical_assistant,1,1,1,0
access_medical_medication_template_assistant,medical.medication_template_assistant,model_medical_medication_template,medical.group_medical_assistant,1,1,1,0
access_medical_medication_dosage_doctor,medical.medication_dosage_doctor,model_medical_medication_dosage,medical.group_medical_doctor,1,1,1,0
access_medical_medication_dosage_user,medical.medication_dosage_user,model_medical_medication_dosage,medical.group_medical_user,1,0,0,0
access_medical_medication_template_doctor,medical.medication_template_doctor,model_medical_medication_template,medical.group_medical_doctor,1,1,1,0
access_medical_patient_medication_assistant,medical.patient_medication_assistant,model_medical_patient_medication,medical.group_medical_assistant,1,1,1,0
access_medical_patient_medication_doctor,medical.patient_medication_doctor,model_medical_patient_medication,medical.group_medical_doctor,1,1,1,0
access_medical_patient_medication_user,medical.patient_medication_user,model_medical_patient_medication,medical.group_medical_user,1,0,0,0
